model,ssh,ssh_err,sst,sst_err,sss,sss_err,uc,vc
mean,1.223571720341481e+30,0.002158950339092763,3.778837433051404e+29,3.778837433051404e+29,3.778837433051404e+29,0.43345780964517716,1.2676506002282294e+30,1.2676506002282294e+30
std,2.3223623940667477e+29,0.011432337835274899,5.798520764496288e+29,5.798520764496288e+29,5.798520764496288e+29,0.44962712760541523,0.0,0.0
