model,ssh,ssh_err,sst,sst_err,sss,sss_err,uc,vc
mean,-0.03411639256827767,0.002156341564216655,22.42193545921553,0.4536253593023268,35.90281900622012,0.43345780964517716,,
std,0.21690764997252898,0.011419321560380419,2.8977917846857775,0.15354702103780224,0.5624854238289724,0.44962712760541523,,
