model,ssh,sst
mean,0.035657573542913004,23.857173049881478
std,0.22967256033092998,3.02087704431417
