model,u-vel.,v-vel.,temp,salin,thknss,srfhgt,montg1,surflx,salflx,bl_dpth,mix_dpth,u_btrop,v_btrop
mean,0.015380662791248466,0.05802180785082631,16.73629479333126,25.13851571177463,0.7019020274281166,-0.08213111509431971,-0.08213111509431971,-0.08213111509431971,-0.08213111509431971,-0.08213111509431971,-0.08213111509431971,0.0097580262259085,0.02626621261293582
std,0.18472135298197176,0.18556258246571455,11.208822828480884,16.465942760298173,0.4574225218824656,0.22258555343747616,0.22258555343747616,0.22258555343747616,0.22258555343747616,0.22258555343747616,0.22258555343747616,0.09239463811571795,0.1287565350084741
