model,u-vel.,v-vel.,temp,salin,thknss,srfhgt,montg1,surflx,salflx,bl_dpth,mix_dpth,u_btrop,v_btrop
mean,-0.003072327680729067,0.1891274056258339,22.86205879271575,35.826808801737364,1.0,-0.10621129001678943,-1.5505270415976715,378.44521008726997,-0.0004941403211667194,132978.94534727497,685088.0654222982,0.00909069793461455,0.044319335227786756
std,0.20184612559235904,0.19843608313748476,2.888980524415341,1.9137282629804508,0.0,0.21701872587889084,1.9803338347375627,166.20579621219593,0.0016055642202041983,140631.77289754007,367134.9085762617,0.10359721761751589,0.15071834899334077
